"gene","padj","logpadj","lfc","sextissue","direction"
"GHRHR",0.0442324829485709,1.35425868123639,2.45733736954572,"male_gonad","m.inc.d8"
"CHGA",0.0813966366853957,1.08939353981781,1.38940378624014,"male_gonad","m.inc.d8"
"SOS2",0.0857391382511777,1.06682088582001,1.27785937027616,"male_gonad","m.inc.d8"
"HSCB",0.0813966366853957,1.08939353981781,0.6604542456763,"male_gonad","m.inc.d8"
"SRSF2",0.0615159251438695,1.21101244021156,0.297885270343573,"male_gonad","m.inc.d8"
