"gene","padj","logpadj","lfc","sextissue","direction"
"NR5A2",0.0406465662768719,1.39097613666262,0.592943910224041,"male_hypothalamus","eggs"
"SCYL1",0.0406465662768719,1.39097613666262,0.35764848778925,"male_hypothalamus","eggs"
"FKBP5",0.000701981361350739,3.15367441888157,-0.429407019988347,"male_hypothalamus","nest"
"PRLH",0.0119179569032205,1.92379818936998,-1.38421086844268,"male_hypothalamus","nest"
