"gene","padj","logpadj","lfc","sextissue","direction"
"TPH2",0.0688837104435316,1.16188346751041,1.34207661352592,"male_hypothalamus","chicks"
"FKBP5",0.0138975211684444,1.85706265577966,0.458236383878158,"male_hypothalamus","chicks"
