"gene","padj","logpadj","lfc","sextissue","direction"
"LOC107053414",1.27049675682576e-26,25.8960264392279,22.8595457711479,"female_gonad","n5"
