"gene","padj","logpadj","lfc","sextissue","direction"
"LOC107049632",9.74498592323759e-19,18.0112187838901,17.8400938672517,"female_hypothalamus","inc.d17"
"IGLL1",0.0244926297318469,1.61096458291464,4.20123910862755,"female_hypothalamus","inc.d17"
"MFSD5",0.0453899886864247,1.34303992550619,0.52607262236435,"female_hypothalamus","inc.d17"
"GMNN",0.0453899886864247,1.34303992550619,-0.51229349593089,"female_hypothalamus","inc.d9"
"CFAP44",0.0453899886864247,1.34303992550619,-0.708400093336674,"female_hypothalamus","inc.d9"
