"gene","lfc","padj","logpadj","direction","tissue"
"ABCB5",4.45949154184206,0.0201139071541263,1.69650355890808,"hatch","hypothalamus"
"CAPN2",2.20504106399441,3.14983378747e-05,4.50171236274663,"hatch","hypothalamus"
"HIST1H2A4",1.2132072546878,0.0640083151850329,1.19376360407234,"hatch","hypothalamus"
"PSMD14",1.06603042740187,0.0201139071541263,1.69650355890808,"hatch","hypothalamus"
