"gene","lfc","padj","logpadj","direction"
"LOC107054855",-3.18242661567546,0.0706831756688115,1.15068394665171,"inc.d3"
