"gene","lfc","padj","logpadj","direction","tissue"
"LOC107049632",19.2333870481624,4.09838705734401e-23,22.3873870286262,"inc.d17","hypothalamus"
"IGLL1",4.20732486372486,0.0196506496444532,1.70662308740878,"inc.d17","hypothalamus"
