"gene","lfc","padj","logpadj","direction","tissue"
"LOC107049632",19.3332500191138,2.37051091154285e-23,22.6251580412681,"inc.d17","hypothalamus"
"IGLL1",4.20750488950365,0.0209915413452379,1.6779556713197,"inc.d17","hypothalamus"
