"gene","lfc","padj","logpadj","direction","tissue"
"C5H11ORF9",5.05656612704255,0.00772840170037849,2.11191031261174,"hatch","pituitary"
"LOC107050516",1.66329800753731,0.0927179554269371,1.03283615379801,"hatch","pituitary"
"HEBP2",1.42215843439695,0.0927179554269371,1.03283615379801,"hatch","pituitary"
"IVNS1ABP",0.292706758962595,0.00772840170037849,2.11191031261174,"hatch","pituitary"
"TTK",-0.581148714437913,0.0585051386899125,1.2328059867954,"inc.d17","pituitary"
