"gene","lfc","padj","logpadj","direction"
"SCIN",-1.16274190391196,0.0169159402610699,1.77170385724076,"lay"
