"gene","padj","logpadj","lfc","sextissue","direction"
"LOC107049632",1.69231959326976e-19,18.7715176173686,18.2537483888405,"female_hypothalamus","inc.d17"
"IGLL1",0.0454022259807918,1.34292285402669,4.19769438152676,"female_hypothalamus","inc.d17"
