"gene","padj","logpadj","lfc","sextissue","direction"
"RASA4",0.0475098199625448,1.32321661532741,2.2497187034283,"female_pituitary","n9"
"CITED4",0.0236315615370867,1.62650757991086,1.98881269096082,"female_pituitary","n9"
"LOC101750367",0.0236315615370867,1.62650757991086,-2.73801540855756,"female_pituitary","n5"
