"gene","padj","logpadj","lfc","sextissue","direction"
"FADS2",0.0404106154610008,1.39350453512328,-0.60895475607644,"female_pituitary","bldg"
"PLBD1",0.0686365439551106,1.1634445925692,-0.956147447331196,"female_pituitary","bldg"
"GH",0.0359959055672995,1.44374689619539,-1.00158334019939,"female_pituitary","bldg"
"SRGN",0.0359959055672995,1.44374689619539,-1.30962836793358,"female_pituitary","bldg"
"WDR90",4.90216812824052e-10,9.30961179795645,-1.49835816884088,"female_pituitary","bldg"
"LOC422926",0.0359959055672995,1.44374689619539,-3.0283972707974,"female_pituitary","bldg"
"SCN4A",0.0404106154610008,1.39350453512328,-3.70457078692875,"female_pituitary","bldg"
