"gene","padj","logpadj","lfc","sextissue","direction"
"LOC107054855",0.00893922030693585,2.04870035941015,-3.18813065258692,"female_pituitary","inc.d3"
"PROCA1",0.0648389904314566,1.18816375590651,-3.78411272140575,"female_pituitary","inc.d3"
