"gene","padj","logpadj","lfc","sextissue","direction"
"PVALB",0.00286759994707488,2.54248143630145,4.6014804981366,"female_pituitary","m.inc.d9"
"SEPP1L",0.0164352794543021,1.78422290707189,4.36671461914109,"female_pituitary","m.inc.d9"
"LOC769726",0.000731853837769297,3.13557564542868,4.00969142150427,"female_pituitary","m.inc.d9"
"NEFM",0.0215316641182492,1.66692240355116,2.95756646911625,"female_pituitary","m.inc.d9"
"KIF12",0.0504215828073416,1.29738352530565,2.0111424384186,"female_pituitary","m.inc.d9"
"SARM1",0.0215316641182492,1.66692240355116,1.97063650482766,"female_pituitary","m.inc.d9"
"DDX10",0.0215316641182492,1.66692240355116,1.07346879464208,"female_pituitary","m.inc.d9"
"CNP",0.0215316641182492,1.66692240355116,0.956341388553271,"female_pituitary","m.inc.d9"
"FAM132A",0.0478791138086917,1.31985389651869,-2.14310004158754,"female_pituitary","inc.d9"
