"gene","padj","logpadj","lfc","sextissue","direction"
"CALCA",0.0107515098116221,1.96853054441679,-2.47389015880906,"female_hypothalamus","bldg"
"PITX2",0.0750781879972761,1.12448621756748,-2.98249879603472,"female_hypothalamus","bldg"
"PAX7",0.0270321985373096,1.56811863155643,-3.93326378025239,"female_hypothalamus","bldg"
"LOC107049632",7.98332390612562e-15,14.0978162498108,-16.9699583593755,"female_hypothalamus","bldg"
