"gene","padj","logpadj","lfc","sextissue","direction"
"ABCB5",0.0795736050515433,1.0992309659489,4.44527458540855,"female_hypothalamus","hatch"
"CAPN2",3.42537664514768e-07,6.46529166769978,2.19514860030567,"female_hypothalamus","hatch"
"PSMD14",0.0659811739111209,1.18057996192516,1.06072936245337,"female_hypothalamus","hatch"
