"gene","padj","logpadj","lfc","sextissue","direction"
"CAPN2",0.000385846892697616,3.41358499286048,1.89004370930693,"female_hypothalamus","hatch"
"NFKBIE",0.0495725202172514,1.30475900143734,0.740946942076968,"female_hypothalamus","hatch"
