"gene","padj","logpadj","lfc","sextissue","direction"
"LOC101749216",0.00709634288209003,2.1489654083677,5.65825597874813,"female_gonads","hatch"
"IQCG",0.000387420032329022,3.41181792696996,-16.6371903729976,"female_gonads","inc.d17"
"LOC107053414",1.76783110697279e-28,27.7525592284708,-23.7563722930608,"female_gonads","inc.d17"
