"gene","pvalue","padj","logpadj","lfc","sextissue","direction","direction2"
"ARHGAP25",0.0412301782787541,1,0,-0.653187732236099,"female_hypothalamus","NS","bldg"
"ATP6",0.0243864677027231,1,0,-2.01476378407485,"female_hypothalamus","NS","bldg"
"ATP6V1C2",0.00363608693227938,1,0,-0.962768423628083,"female_hypothalamus","NS","bldg"
"AVP",0.0209913828544653,1,0,1.10760766751342,"female_hypothalamus","NS","inc.d17"
"BCL6",0.000959603550388721,1,0,-0.503040826077019,"female_hypothalamus","NS","bldg"
"BMPR1B",0.00287219828295728,1,0,1.38810290374198,"female_hypothalamus","NS","inc.d17"
"C1ORF146",0.00890213835495849,1,0,3.74268537370906,"female_hypothalamus","NS","inc.d17"
"C1S",0.0247004285972091,1,0,-1.16810931352886,"female_hypothalamus","NS","bldg"
