"gene","padj","logpadj","lfc","sextissue","direction"
"TJP3",0.0874583873389004,1.05819853495222,0.738391348636324,"female_hypothalamus","lay"
"HBG2",0.0829443627516624,1.08121312511931,-0.84585811899582,"female_hypothalamus","bldg"
"HEMGN",0.000464177080080841,3.33331630774086,-1.37790081500961,"female_hypothalamus","bldg"
