"gene","padj","logpadj","lfc","sextissue","direction"
"PI15",0.0896387030559448,1.04750443571263,3.99364228173853,"female_gonads","m.inc.d3"
"ALB",0.00215188821352948,2.66718029318607,1.89751646402186,"female_gonads","m.inc.d3"
"COL10A1",5.45345039909363e-05,4.26332863256015,-6.45759496312278,"female_gonads","inc.d3"
