"gene","padj","logpadj","lfc","sextissue","direction"
"TJP3",0.0874581423669416,1.05819975141781,0.73839134057951,"female_hypothalamus","lay"
"HBG2",0.082944642747686,1.08121165907004,-0.845857842264833,"female_hypothalamus","bldg"
"HEMGN",0.000464177259625686,3.33331613975471,-1.37790048960552,"female_hypothalamus","bldg"
