"gene","padj","logpadj","lfc","sextissue","direction"
"CIB2",0.0456254624744614,1.34079272036366,1.53565630145129,"female_hypothalamus","inc.d17"
"HSP90B1",0.0429514613315545,1.36702205564103,-0.37667726644363,"female_hypothalamus","bldg"
"BCL6",0.0429514613315545,1.36702205564103,-0.500405700501241,"female_hypothalamus","bldg"
"SERPINH1",0.0836463703869508,1.07755289935333,-0.657871334360127,"female_hypothalamus","bldg"
