"gene","padj","logpadj","lfc","sextissue","direction"
"C5H11ORF9",3.51514329546646e-05,4.45405696618843,6.50171116531828,"female_pituitary","hatch"
"SERPINB10",8.44971005767233e-06,5.07315819312289,2.91688694326497,"female_pituitary","hatch"
"SCG3",0.0720976815232604,1.142078700854,0.669649850432794,"female_pituitary","hatch"
"IVNS1ABP",0.00981373674446152,2.00816559623906,0.293153055830936,"female_pituitary","hatch"
"ANP32E",0.0833605204232422,1.07903958271733,0.206023354547342,"female_pituitary","hatch"
