"gene","padj","logpadj","lfc","sextissue","direction"
"LOC101749492",0.0861334851582633,1.06482797987799,-1.2367919963801,"female_gonads","inc.d9"
"LRRC71",0.0469561518551108,1.3283075015511,-4.31387975267961,"female_gonads","inc.d9"
"MORN5",0.00378455287873391,2.42198542231156,-4.69114313936486,"female_gonads","inc.d9"
