"gene","padj","logpadj","lfc","sextissue","direction"
"IFIT5",0.0279522772211899,1.55358280515465,-1.57882412185277,"female_hypothalamus","m.inc.d17"
"RSAD2",0.0419586465760975,1.37717852891538,-1.73278223568423,"female_hypothalamus","m.inc.d17"
"MX1",0.022647401593333,1.64498161874658,-2.02023421516379,"female_hypothalamus","m.inc.d17"
"OASL",0.00142347709620453,2.84664951627397,-2.40802155093759,"female_hypothalamus","m.inc.d17"
"IFI6",0.000411353604803783,3.38578469250017,-3.33604875480445,"female_hypothalamus","m.inc.d17"
"IGJ",8.53265064796708e-07,6.06891603530795,-5.21523856923127,"female_hypothalamus","m.inc.d17"
"IGLL1",2.14697680447538e-08,7.66817264757249,-6.73307744392516,"female_hypothalamus","m.inc.d17"
