"gene","padj","logpadj","lfc","sextissue","direction"
"C5H11ORF9",0.066201855926963,1.17912983521981,5.05993655035723,"female_pituitary","hatch"
"SERPINB10",5.14468004644101e-05,4.28864162933418,2.9168869450693,"female_pituitary","hatch"
