"gene","padj","logpadj","lfc","sextissue","direction"
"EGR1",0.0201611600069258,1.69548448362961,1.21835358076272,"female_hypothalamus","m.inc.d3"
"TMEM201",2.27721166278535e-05,4.64259660060687,0.99537334991458,"female_hypothalamus","m.inc.d3"
"PDZRN4",0.028527466954254,1.54473678903793,-0.858452176868706,"female_hypothalamus","inc.d3"
"JMJD7",0.0233743734122651,1.63126002226263,-0.921960103860521,"female_hypothalamus","inc.d3"
"CDH3",0.0193553737045761,1.7131984391077,-1.2726404213246,"female_hypothalamus","inc.d3"
"APOH",0.0493562338142434,1.30665798706426,-1.28981644279548,"female_hypothalamus","inc.d3"
"LHX9",0.0300202286081834,1.52258600486775,-1.34561423281936,"female_hypothalamus","inc.d3"
"NPVF",0.0384724887858279,1.41484971826843,-3.22436778788045,"female_hypothalamus","inc.d3"
"PITX2",0.0384724887858279,1.41484971826843,-3.59975626404197,"female_hypothalamus","inc.d3"
"LOC107049005",2.63998734648595e-19,18.5783981547076,-21.0729265034479,"female_hypothalamus","inc.d3"
