"gene","padj","logpadj","lfc","sextissue","direction"
"LOC107053414",4.00027765842035e-24,23.3979098633383,22.3664764799786,"female_gonad","n5"
