"gene","padj","logpadj","lfc","sextissue","direction"
"DYL1",0.0698766280878226,1.15566806015997,-0.578002839435322,"female_pituitary","inc.d3"
"PRDX1",0.0698766280878226,1.15566806015997,-0.920151658171047,"female_pituitary","inc.d3"
"LOC107054855",0.00274411670683965,2.56159742209844,-3.18813064141193,"female_pituitary","inc.d3"
"REG4",0.0773526386426918,1.11152486711762,-3.57835004890062,"female_pituitary","inc.d3"
"PROCA1",0.0295187599627888,1.52990189050176,-3.78411285869199,"female_pituitary","inc.d3"
"VIP",0.0773526386426918,1.11152486711762,-4.54606448064776,"female_pituitary","inc.d3"
