"gene","padj","logpadj","lfc","sextissue","direction"
"AVPR1A",0.0491316119244115,1.30863898717002,-2.1640777991777,"female_gonads","inc.d3"
"LOC107049904",0.0154224255526963,1.81184731751006,-7.07468876354342,"female_gonads","inc.d3"
"COL10A1",1.00012996055101e-10,9.99994356251708,-8.10944352955616,"female_gonads","inc.d3"
