"gene","padj","logpadj","lfc","sextissue","direction"
"LOC107049632",4.85777490399441e-21,20.3135626130834,18.9433863602868,"female_hypothalamus","extend"
"FKBP5",0.0132839516409167,1.87667271408248,0.836583274165785,"female_hypothalamus","extend"
