"gene","padj","logpadj","lfc","sextissue","direction"
"NKX2-1",7.70443012890879e-10,9.11325947907705,14.0407061274299,"male_pituitary","m.inc.d3"
"SLC6A7",5.45164291956916e-10,9.26347259802067,13.5646913820302,"male_pituitary","m.inc.d3"
"NCAN",2.69052210563009e-10,9.57016343539087,13.5158673025969,"male_pituitary","m.inc.d3"
"CPLX3",0.0193387694320869,1.71357116447522,2.78803770870692,"male_pituitary","m.inc.d3"
"NEFM",0.00366675953673958,2.4357175698025,-3.38205037304466,"male_pituitary","bldg"
