"gene","padj","logpadj","lfc","sextissue","direction"
"SLC18A2",0.0438672699612624,1.35785939266713,-1.26934052988913,"male_hypothalamus","bldg"
"GRP",0.0436129268133087,1.36038476734589,-1.34492674317108,"male_hypothalamus","bldg"
"SLC6A4",0.0764250941282648,1.11676401770674,-2.66647611442684,"male_hypothalamus","bldg"
"TPH2",7.33506153837204e-06,5.13459623824015,-3.54045294283265,"male_hypothalamus","bldg"
