"gene","padj","logpadj","lfc","sextissue","direction"
"LOC100857497",0.0852593494368989,1.06925798551768,3.05029778752609,"male_hypothalamus","inc.d9"
"SLC18A2",0.0877679279833704,1.05666415430389,-1.22725041969221,"male_hypothalamus","bldg"
"TPH2",0.000315475068390746,3.50103495682606,-3.17848627800842,"male_hypothalamus","bldg"
