"gene","padj","logpadj","lfc","sextissue","direction"
"MYL10",0.00839935714768278,2.07575395178308,-3.03755843563014,"male_hypothalamus","hatch"
"PITX2",0.00939559485516507,2.02707571858235,-3.73220857713678,"male_hypothalamus","hatch"
"NR5A1",0.0715047026327334,1.14566539511799,-3.78501375692287,"male_hypothalamus","hatch"
