"gene","padj","logpadj","lfc","sextissue","direction"
"HAX1",0.0261728150986586,1.58214956295195,1.45614616170097,"male_hypothalamus","lay"
"TPH2",0.00120328624727274,2.91963104695505,-3.22807720895528,"male_hypothalamus","bldg"
