"gene","padj","logpadj","lfc","sextissue","direction"
"C11H19ORF40",8.8076472335576e-43,42.0551400881766,22.4073832492109,"male_pituitary","inc.d9"
"PNOC",2.33177370210142e-10,9.63231360000971,18.0735383170417,"male_pituitary","inc.d9"
