"gene","padj","logpadj","lfc","sextissue","direction"
"SLC18A2",0.0438676927516512,1.35785520698044,-1.26933946117773,"male_hypothalamus","bldg"
"GRP",0.0436131467338848,1.36038257739766,-1.34492588066692,"male_hypothalamus","bldg"
"SLC6A4",0.0764277695261282,1.11674881471346,-2.66646726933052,"male_hypothalamus","bldg"
"TPH2",7.33541300062027e-06,5.1345754293543,-3.54044401256662,"male_hypothalamus","bldg"
