"gene","padj","logpadj","lfc","sextissue","direction"
"C11H19ORF40",6.48134467399599e-23,22.1883348824144,17.8241074830731,"male_pituitary","m.inc.d3"
"PNOC",0.000251133408101701,3.60009550955263,13.8190254781859,"male_pituitary","m.inc.d3"
"LOC429032",0.000770151103479172,3.11342405798449,3.08380292504363,"male_pituitary","m.inc.d3"
"CP",0.0700866155776862,1.15436491121667,-1.22360440674914,"male_pituitary","inc.d3"
