"gene","padj","logpadj","lfc","sextissue","direction"
"DDC",0.021985812591104,1.65785747831306,-1.3051172455222,"male_hypothalamus","bldg"
"SLC6A4",0.0920209275383009,1.03611339351487,-2.75779204852856,"male_hypothalamus","bldg"
"TPH2",6.72969302208036e-05,4.17200474585882,-3.40809701769934,"male_hypothalamus","bldg"
