"gene","padj","logpadj","lfc","sextissue","direction"
"RPL30",0.0960537540362697,1.01748565708675,-0.520752348875465,"male_gonad","inc.d3"
"S100A9",0.0111505797754106,1.95270255084762,-3.20894168905038,"male_gonad","inc.d3"
"LECT2",0.0111505797754106,1.95270255084762,-3.73949082234965,"male_gonad","inc.d3"
