"gene","padj","logpadj","lfc","sextissue","direction"
"KIF9",0.0971676324922291,1.01247837880857,0.676767121762611,"male_pituitary","n5"
"SSR3",0.0261272727082556,1.58290592167613,-0.705057014051409,"male_pituitary","hatch"
"OAZ1",0.00919303801604418,2.03654094393811,-0.807157475464242,"male_pituitary","hatch"
