"gene","padj","logpadj","lfc","sextissue","direction"
"PMVK",0.0868294302077891,1.06133304889584,-1.97226723001235,"male_gonads","bldg"
"PBXIP1",0.0868294302077891,1.06133304889584,-2.51263754043837,"male_gonads","bldg"
