"gene","padj","logpadj","lfc","sextissue","direction"
"IGJ",0.00312661194869225,2.50492601674218,-4.22220613596134,"male_hypothalamus","m.inc.d17"
"ASMT",9.09267687578564e-05,4.04130824205433,-4.33023481130401,"male_hypothalamus","m.inc.d17"
"IGLL1",0.00497542827783097,2.30316952985429,-4.99138631560845,"male_hypothalamus","m.inc.d17"
"RBP4B",0.0182894549075673,1.73779923788954,-5.94532310941268,"male_hypothalamus","m.inc.d17"
