"gene","padj","logpadj","lfc","sextissue","direction"
"CEBPD",0.00285691766889365,2.54410227500416,-1.33097114937275,"male_pituitary","n5"
"OVALY",0.0569959660104928,1.24415588119382,-7.83256020536879,"male_pituitary","n5"
