"gene","padj","logpadj","lfc","sextissue","direction"
"MYOZ1",0.0647577559579571,1.18870820920776,2.95188738232771,"male_hypothalamus","hatch"
"MYL10",0.0709109400438595,1.14928675728299,2.46507299614773,"male_hypothalamus","hatch"
"LOC101748402",0.0647577559579571,1.18870820920776,2.42484597685754,"male_hypothalamus","hatch"
"ATP2A1",0.0647577559579571,1.18870820920776,1.95046382259347,"male_hypothalamus","hatch"
