"gene","padj","logpadj","lfc","sextissue","direction"
"NCAN",1.6442502268355e-29,28.7840320895548,20.3161407261081,"male_pituitary","lay"
"NKX2-1",4.07589301731064e-23,22.3897772237337,19.7480900768096,"male_pituitary","lay"
"SLC6A7",5.67967693780182e-23,22.2456763664228,18.6068827477001,"male_pituitary","lay"
"NEFM",0.022703294301614,1.64391112107961,-2.98203126250554,"male_pituitary","bldg"
