"gene","padj","logpadj","lfc","sextissue","direction"
"LBFABP",0.000377449739061299,3.42314087052902,5.54256067500189,"male_gonads","extend"
"KNG1",0.0357852981384147,1.44629536019298,4.17582929667651,"male_gonads","extend"
"THRSP",0.000219400819090421,3.65876175540403,4.00555234050687,"male_gonads","extend"
"GSTT1L",0.00181440470813391,2.7412658358505,3.85352531908447,"male_gonads","extend"
"SPINK5",0.0952099508132943,1.02131765920521,2.34522327555887,"male_gonads","extend"
"FGB",0.000219400819090421,3.65876175540403,2.19789417844429,"male_gonads","extend"
"TTR",0.00126536603804855,2.89778382602199,2.1225417274751,"male_gonads","extend"
"PLG",0.0570588434185058,1.24367703572927,2.09610270732563,"male_gonads","extend"
"FGG",0.00865560103254362,2.06270276995447,1.63520832433321,"male_gonads","extend"
