"gene","padj","logpadj","lfc","sextissue","direction"
"S100A9",0.0264863143937547,1.57697847015936,-3.20894177691403,"male_gonads","inc.d3"
"LECT2",0.0264863143937547,1.57697847015936,-3.73949088999174,"male_gonads","inc.d3"
