"gene","padj","logpadj","lfc","sextissue","direction"
"LOC107055658",0.0364315744551609,1.43852205954554,2.67997370369446,"male_hypothalamus","m.inc.d3"
"ATP2B4",0.097605125779564,1.01052737455332,1.98823775146851,"male_hypothalamus","m.inc.d3"
"RPRD1A",0.0525114597814989,1.27974590846523,0.637147930306854,"male_hypothalamus","m.inc.d3"
"PURG",0.0525114597814989,1.27974590846523,0.634460595723931,"male_hypothalamus","m.inc.d3"
"NEGR1",0.0161201282038386,1.79263150856081,0.543532000940198,"male_hypothalamus","m.inc.d3"
"TUB",0.0161201282038386,1.79263150856081,0.524851106520985,"male_hypothalamus","m.inc.d3"
"GDE1",0.039109394763074,1.40771890491443,-0.423311700849206,"male_hypothalamus","inc.d3"
"PTPRC",0.097605125779564,1.01052737455332,-0.626057121279818,"male_hypothalamus","inc.d3"
