"gene","padj","logpadj","lfc","sextissue","direction"
"NKX2-1",3.18279433432751e-14,13.4971914236952,16.0488474378731,"male_pituitary","lay"
"NCAN",4.05958688936927e-15,14.391518158737,15.2103508949079,"male_pituitary","lay"
"SLC6A7",1.29022147242063e-13,12.8893357346663,14.8624862366275,"male_pituitary","lay"
"NEFM",0.0590947176497422,1.22845133803748,-2.98202216875803,"male_pituitary","bldg"
