"gene","padj","logpadj","lfc","sextissue","direction"
"LOC101748402",0.00286586739105521,2.54274390907663,2.93983117453665,"male_hypothalamus","hatch"
"GRP",0.0376856806297662,1.42382363665908,-1.47794575277323,"male_hypothalamus","bldg"
"TPH2",0.00162962911631676,2.78791122447013,-3.11649315055094,"male_hypothalamus","bldg"
"SLC6A4",0.0008698523803375,3.06055444375439,-3.83432740638566,"male_hypothalamus","bldg"
