"gene","padj","logpadj","lfc","sextissue","direction"
"LBFABP",0.000716082367700219,3.14503701989846,5.43148671316711,"male_gonads","extend"
"THRSP",0.000716082367700219,3.14503701989846,3.92906137242702,"male_gonads","extend"
"SPINK5",0.00395715905798565,2.40261649291892,3.22213969592032,"male_gonads","extend"
"TTR",0.000189429631831731,3.72255208481303,2.44294706696108,"male_gonads","extend"
"FGB",0.00190476854278336,2.72015778990915,2.06372040695842,"male_gonads","extend"
"FGG",0.0136570800692761,1.86464214438468,1.63590117524304,"male_gonads","extend"
"TF",0.071494188736667,1.14572925752992,1.11840508641744,"male_gonads","extend"
"MYH15",0.00486485181664614,2.31293038380118,-1.94672546091462,"male_gonads","n5"
