"gene","padj","logpadj","lfc","sextissue","direction"
"TPH2",0.0444994445950703,1.35164540948652,-2.57319093007052,"male_hypothalamus","n5"
"IFI6",0.0444994445950703,1.35164540948652,-3.27581404224064,"male_hypothalamus","n5"
