"gene","padj","logpadj","lfc","sextissue","direction"
"COX14",0.0844714687740755,1.07328995432061,-1.459289488917,"male_hypothalamus","lay"
"HAX1",0.00824510812242275,2.08380364485103,-1.55826031148597,"male_hypothalamus","lay"
