"gene","padj","logpadj","lfc","sextissue","direction"
"SLC6A7",7.94153817640983e-19,18.1000953720277,16.8284175323772,"male_pituitary","inc.d9"
"NKX2-1",2.10365671611241e-15,14.6770251288062,16.3039788184629,"male_pituitary","inc.d9"
"NCAN",2.9234792522944e-18,17.53409998397,16.1031071411593,"male_pituitary","inc.d9"
"NEFM",0.0570293921415719,1.24390125739908,-2.96002280100556,"male_pituitary","bldg"
