"gene","padj","logpadj","lfc","sextissue","direction"
"PNOC",9.9054028708241e-07,6.00412785621653,-15.7612981245396,"male_pituitary","lay"
"C11H19ORF40",9.84553888769299e-25,24.0067605081143,-18.2301673727802,"male_pituitary","lay"
