"gene","padj","logpadj","lfc","sextissue","direction"
"LOC101748402",0.0195982016957963,1.70778377708346,2.77604416042244,"male_hypothalamus","prolong"
"ECM2",0.0481261987944717,1.31761843933613,-0.87054569847462,"male_hypothalamus","bldg"
"TPH2",4.98022259152742e-06,5.30275124597287,-3.83855941430325,"male_hypothalamus","bldg"
